<?xml version="1.0" encoding="UTF-8"?>
<!DOCTYPE suite SYSTEM "http://testng.org/testng-1.0.dtd">
<suite name="CrossBrowser_Suite1" thread-count = "2" parallel = "tests">
	<test name="ChromeTest">
		<parameter name = "browser" value = "Chrome">
			<classes>
				<class name="Selenium_Assignment1.Assignment_1">
				
				</class>
			</classes>
		</parameter>
	</test>
	
	<test name="IETest">
		<parameter name = "browser" value = "InternetExplorer">
			<classes>
				<class name="Selenium_Assignment1.Assignment_1">
				
				</class>
			</classes>
		</parameter>
	</test>


</suite>